Predictor variable,Categorical,Sample average
bio14,false,41.641534652709964
bio18,false,535.2884442138671
bio5,false,284.7659973144531
