Predictor variable,Categorical,Sample average
bio14,false,37.63153442382813
bio18,false,528.0728887939454
bio5,false,288.63044189453126
