Predictor variable,Categorical,Sample average
bio14,false,38.9096512759689
bio18,false,501.69178961315293
bio5,false,291.6651945462192
