Predictor variable,Categorical,Sample average
bio14,false,37.63749277591705
bio18,false,491.75618076324463
bio5,false,292.32162952423096
