X,Y,Test or train,Raw prediction,Cumulative prediction,Cloglog prediction
1.0,1.0,train,0.08531317524488082,24.31727865242922,0.5211899203030257
2.0,2.0,train,0.1873551417308175,100.0,0.8015684170853492
3.0,3.0,train,0.16993221635820968,81.26471848396515,0.7693630648074709
4.0,4.0,train,0.11441223622069302,35.75874965175211,0.6275467947719919
5.0,5.0,train,0.1582684551518822,64.27192729943728,0.7449320017290935
6.0,6.0,train,0.126859097793223,48.44446795353932,0.6654902513251415
