Predictor variable,Categorical,Sample average
bio14,false,36.40319856007894
bio18,false,593.3855234781901
bio19,false,135.47390365600586
bio5,false,282.21506754557294
