Predictor variable,Categorical,Sample average
bio14,false,39.755764669446805
bio18,false,508.1763897796175
bio5,false,290.32025829713734
