Predictor variable,Categorical,Sample average
bio14,false,43.56755641937256
bio18,false,523.9375286865235
bio5,false,287.6284826660156
