Predictor variable,Categorical,Sample average
bio14,false,38.22222935812814
bio18,false,493.5988588605608
bio5,false,292.0356811523437
