Predictor variable,Categorical,Sample average
bio14,false,38.12542120615641
bio18,false,666.3670043945312
bio19,false,143.3581631978353
bio5,false,269.08543904622394
