X,Y,Test or train,Raw prediction,Cumulative prediction,Cloglog prediction
1.0,1.0,train,0.1546401442514392,51.133633786624614,0.7592269627846275
2.0,2.0,train,0.1659741256818921,100.0,0.7830876547306916
3.0,3.0,train,0.10261459646587255,35.66911207718441,0.6112652383692404
4.0,4.0,train,0.1622220968152703,83.40301570571644,0.7754628019428353
5.0,5.0,train,0.06507294771440855,25.40777577087773,0.4507385941855978
6.0,6.0,train,0.1604714094913416,67.18417149894698,0.7718139233023507
