X,Y,Test or train,Raw prediction,Cumulative prediction,Cloglog prediction
1.0,1.0,train,0.08980914381491366,23.14838814216482,0.5180107702523824
2.0,2.0,train,0.1138868769788969,34.53699692783062,0.6036672232873024
3.0,3.0,train,0.1344415623492574,47.98092510215737,0.6646359471448843
4.0,4.0,train,0.15614222594676133,63.596318913102664,0.7188561826001424
5.0,5.0,train,0.20381302491882755,100.0,0.8091534198243463
6.0,6.0,train,0.1602326356287463,79.61727037120392,0.7280479803311287
