Predictor variable,Categorical,Sample average
bio14,false,34.59722296396891
bio2,false,106.467591603597
bio4,false,2206.3009033203125
