Predictor variable,Categorical,Sample average
bio14,false,40.004947036504745
bio18,false,495.02691984176636
bio5,false,290.64704513549805
