Predictor variable,Categorical,Sample average
bio14,false,38.78438835144043
bio18,false,504.5550360107422
bio5,false,290.0704901123047
