Predictor variable,Categorical,Sample average
bio14,false,36.58097923278809
bio18,false,524.4012213134765
bio5,false,288.5126647949219
