Predictor variable,Categorical,Sample average
bio14,false,40.13840919992198
bio18,false,503.44325654403025
bio5,false,291.10760697074556
