Predictor variable,Categorical,Sample average
bio14,false,34.98337219238281
bio18,false,500.7840802001953
bio5,false,292.33586669921874
