Predictor variable,Categorical,Sample average
bio14,false,38.41893340201273
bio18,false,497.70920234178976
bio5,false,292.4221396341811
