Predictor variable,Categorical,Sample average
bio14,false,38.98101441756539
bio18,false,485.2049906633902
bio5,false,292.92760876641756
