Predictor variable,Categorical,Sample average
bio14,false,41.996250762939454
bio18,false,502.10938415527346
bio5,false,290.70526000976565
