Predictor variable,Categorical,Sample average
bio14,false,40.48479782104492
bio18,false,514.2733135986329
bio5,false,285.1460302734375
