Predictor variable,Categorical,Sample average
bio14,false,43.49411189556122
bio18,false,508.95862007141113
bio5,false,288.3203372955322
