Predictor variable,Categorical,Sample average
bio14,false,38.05449318184572
bio18,false,505.15638104607075
bio5,false,292.04626195571
