Predictor variable,Categorical,Sample average
bio14,false,37.8882050960184
bio18,false,495.8906772531194
bio5,false,292.6391533501714
