Predictor variable,Categorical,Sample average
bio14,false,37.142434869493755
bio18,false,497.95451431274415
bio5,false,291.04102913992745
