X,Y,Test or train,Raw prediction,Cumulative prediction,Cloglog prediction
1.0,1.0,train,0.14759072154296257,67.1531882934465,0.7630970338485764
2.0,2.0,train,0.14488557289013865,52.395532525963695,0.7567606584763356
3.0,3.0,train,0.08476896483863668,37.907060520377385,0.5626958745008206
4.0,4.0,train,0.16841595872083057,99.9999170298258,0.8066600482293099
5.0,5.0,train,0.06788430617791091,29.430184790595607,0.4843750824162595
6.0,6.0,train,0.16003696511802246,83.15835927498838,0.7901889409917673
