Predictor variable,Categorical,Sample average
bio14,false,39.593013763427734
bio18,false,649.5059000651041
bio19,false,145.1637191772461
bio5,false,274.580810546875
