Predictor variable,Categorical,Sample average
bio14,false,40.3125851949056
bio2,false,102.37096087137859
bio4,false,1974.016148885091
