X,Y,Test or train,Raw prediction,Cumulative prediction,Cloglog prediction
1.0,1.0,train,0.13372457377439406,62.60397484015535,0.7081507937574278
2.0,2.0,train,0.08636817519982633,28.81941260853442,0.5485974668717285
3.0,3.0,train,0.19993039510200458,100.0,0.8413780231418808
4.0,4.0,train,0.17402748833909418,80.00733741092824,0.7986442757339228
5.0,5.0,train,0.10965706736352071,49.23179170594621,0.6357342679933387
6.0,6.0,train,0.09446622558751075,38.266066012728274,0.5810374244551851
