Predictor variable,Categorical,Sample average
bio14,false,36.35185241699219
bio18,false,610.0601959228516
bio19,false,134.4212964375814
bio5,false,278.5
