X,Y,Test or train,Raw prediction,Cumulative prediction,Cloglog prediction
1.0,1.0,train,0.1255406523851924,48.60905693215375,0.6333796405965159
2.0,2.0,train,0.12442687557886711,36.05845024688913,0.6301013209604076
3.0,3.0,train,0.12592412401491643,61.22041498181246,0.6345016240081033
4.0,4.0,train,0.1260282502812201,73.81293059125268,0.6348056894384666
