Predictor variable,Categorical,Sample average
bio14,false,39.08988667936886
bio18,false,506.3786075816435
bio5,false,291.02743732228
