Predictor variable,Categorical,Sample average
bio14,false,38.29555338016455
bio18,false,501.64959904767466
bio5,false,291.94257476364356
