Predictor variable,Categorical,Sample average
bio14,false,38.58229569707598
bio18,false,487.19998005458285
bio5,false,293.17404218401225
