Predictor variable,Categorical,Sample average
bio14,false,37.2580310622258
bio18,false,495.7903772610337
bio5,false,293.23644951208314
