Predictor variable,Categorical,Sample average
bio14,false,38.72400943756104
bio18,false,523.5824035644531
bio5,false,289.05501220703127
