Predictor variable,Categorical,Sample average
bio14,false,40.33996248245239
bio18,false,512.590124130249
bio5,false,288.05381774902344
