Predictor variable,Categorical,Sample average
bio14,false,36.094009475708006
bio18,false,506.3163775634766
bio5,false,293.92993530273435
