Predictor variable,Categorical,Sample average
bio14,false,42.823972940444946
bio18,false,481.96308612823486
bio5,false,288.9130916595459
