Predictor variable,Categorical,Sample average
bio14,false,41.055324951807656
bio18,false,518.7184899648031
bio19,false,166.8389279047648
bio5,false,288.7761980692546
