Predictor variable,Categorical,Sample average
bio14,false,34.93582421541214
bio18,false,453.79456996917725
bio5,false,296.2765293121338
