Predictor variable,Categorical,Sample average
bio14,false,37.371787223815915
bio18,false,507.62859802246095
bio5,false,292.0766015625
