Predictor variable,Categorical,Sample average
bio14,false,37.87628113705179
bio18,false,495.5778830707937
bio5,false,291.6449797257133
