Predictor variable,Categorical,Sample average
bio14,false,37.55741731325785
bio18,false,498.1038646697998
bio19,false,155.70765113830566
bio5,false,289.09483973185223
