Predictor variable,Categorical,Sample average
bio14,false,38.24079436841218
bio18,false,485.5134882166766
bio5,false,293.2230719967165
