Predictor variable,Categorical,Sample average
bio14,false,42.221748888492584
bio18,false,473.4569616317749
bio5,false,287.62668800354004
