Predictor variable,Categorical,Sample average
bio14,false,38.18605365196284
bio18,false,514.8698496574902
bio5,false,290.4060403865619
