Predictor variable,Categorical,Sample average
bio14,false,38.44625162906784
bio18,false,489.8482425607366
bio5,false,292.99147813097176
