Predictor variable,Categorical,Sample average
bio14,false,37.079124768575035
bio18,false,655.029042561849
bio19,false,138.19612757364908
bio5,false,276.94654846191406
