X,Y,Test or train,Raw prediction,Cumulative prediction,Cloglog prediction
1.0,1.0,train,0.1262693569836045,27.940903911418747,0.6465053077306208
2.0,2.0,train,0.14746777949427994,82.88329351604557,0.7031314007596954
3.0,3.0,train,0.12698778595414023,40.629597143387386,0.6485906180632984
4.0,4.0,train,0.17116350205959374,99.99964032231705,0.7557617137350525
5.0,5.0,train,0.13834118002177656,68.13716271178701,0.6799582678736442
6.0,6.0,train,0.10476647639163336,15.307943013455125,0.5780213668213764
