Predictor variable,Categorical,Sample average
bio14,false,36.6615189909935
bio18,false,485.43073081970215
bio5,false,291.43898010253906
