Predictor variable,Categorical,Sample average
bio14,false,38.25272136688233
bio18,false,515.9200360107421
bio5,false,291.18049194335936
