Predictor variable,Categorical,Sample average
bio14,false,37.87869077920914
bio18,false,509.752384185791
bio5,false,289.20365715026855
