Predictor variable,Categorical,Sample average
bio14,false,44.07668605804443
bio18,false,472.2021820068359
bio5,false,293.7549853515625
