Predictor variable,Categorical,Sample average
bio14,false,40.85331382751465
bio18,false,501.2536608886719
bio5,false,290.5724523925781
