Predictor variable,Categorical,Sample average
bio14,false,38.291130561828616
bio18,false,518.8566302490234
bio5,false,288.1560961914063
