Predictor variable,Categorical,Sample average
bio14,false,34.71313102722168
bio18,false,514.9910144042968
bio5,false,291.07666381835935
