Predictor variable,Categorical,Sample average
bio14,false,41.167012840509415
bio18,false,510.9687457084656
bio5,false,288.89449310302734
