Predictor variable,Categorical,Sample average
bio14,false,38.894330901821164
bio18,false,490.25131760200446
bio5,false,292.87377417348597
