PC1,PC2,PC3,PC4
3.1488214670733,2.20359758938739,1.1713988834818,1.02387638614529
0.52185,0.25557,0.07222,0.05517
0.52185,0.77742,0.84964,0.90481
