Predictor variable,Categorical,Sample average
bio14,false,38.17063990126561
bio18,false,495.4617250539961
bio5,false,292.2478804762346
