Predictor variable,Categorical,Sample average
bio14,false,35.26734283447266
bio18,false,521.7112963867188
bio5,false,290.48279174804685
