Predictor variable,Categorical,Sample average
bio14,false,39.52789806365967
bio18,false,521.7540698242187
bio5,false,290.54723876953125
