Predictor variable,Categorical,Sample average
bio14,false,38.19989092791522
bio18,false,489.80781238697193
bio5,false,291.92872630931714
