Predictor variable,Categorical,Sample average
bio14,false,39.13805156946182
bio18,false,451.30115032196045
bio5,false,297.02688789367676
