Predictor variable,Categorical,Sample average
bio14,false,42.225139694213865
bio18,false,476.39715759277345
bio5,false,291.62526245117186
