Predictor variable,Categorical,Sample average
bio14,false,38.36442501068115
bio18,false,528.6820721435547
bio5,false,290.1851501464844
