X,Y,Test or train,Raw prediction,Cumulative prediction,Cloglog prediction
1.0,1.0,train,0.1456496970767984,81.51234488346277,0.7837937450299776
2.0,2.0,train,0.12146762377073188,66.94738507155932,0.7211957359074587
3.0,3.0,train,0.09085270334171451,45.30238886086493,0.6153133145202364
4.0,4.0,train,0.18487472663892385,99.99987115983626,0.8568665553880221
5.0,5.0,train,0.09498414073052193,54.80081393193337,0.6316672710258433
6.0,6.0,train,0.06863449528836567,36.217093776356336,0.5140741312530197
