Predictor variable,Categorical,Sample average
bio14,false,31.550926208496094
bio18,false,590.7685190836588
bio19,false,122.00925827026367
bio5,false,281.63425699869794
