Predictor variable,Categorical,Sample average
bio14,false,40.38158017396927
bio18,false,482.9250478744507
bio5,false,290.5867042541504
