Predictor variable,Categorical,Sample average
bio14,false,40.39585363864899
bio2,false,103.5003719329834
bio4,false,1925.544662475586
