Predictor variable,Categorical,Sample average
bio14,false,36.07912208557129
bio18,false,517.6122247314453
bio5,false,291.0513122558594
