X,Y,Test or train,Raw prediction,Cumulative prediction,Cloglog prediction
1.0,1.0,train,0.12501169191848802,41.30558165047394,0.621948233026479
2.0,2.0,train,0.13075245656248086,54.38405912121916,0.6384639098295375
3.0,3.0,train,0.1327771668349004,67.66279738905905,0.6441150629096262
4.0,4.0,train,0.13333126338459278,80.9919967291795,0.6456461441287336
