Predictor variable,Categorical,Sample average
bio14,false,41.19507598876953
bio2,false,100.8055534362793
bio4,false,2184.945068359375
