Predictor variable,Categorical,Sample average
bio14,false,37.82067604064942
bio18,false,495.9741534423828
bio5,false,292.66326904296875
