Predictor variable,Categorical,Sample average
bio14,false,39.515040097917826
bio18,false,501.47141407557893
bio5,false,290.8130187988281
