Predictor variable,Categorical,Sample average
bio14,false,43.00010934472084
bio18,false,502.42762899398804
bio5,false,291.81336975097656
