Predictor variable,Categorical,Sample average
bio14,false,36.83498057075169
bio18,false,501.9006856282552
bio5,false,291.4244579370471
