Predictor variable,Categorical,Sample average
bio14,false,36.29613075256348
bio18,false,506.78051696777345
bio5,false,288.4194287109375
