Predictor variable,Categorical,Sample average
bio14,false,40.432241706848146
bio18,false,495.46217956542966
bio5,false,290.94831909179686
