Predictor variable,Categorical,Sample average
bio14,false,37.99331394195556
bio18,false,501.89540710449216
bio5,false,291.08514892578125
