Predictor variable,Categorical,Sample average
bio14,false,37.70095558961233
bio2,false,105.38263543446858
bio4,false,2043.4026590983074
