Predictor variable,Categorical,Sample average
bio14,false,44.443230986595154
bio18,false,497.5386724472046
bio5,false,290.2441577911377
