Predictor variable,Categorical,Sample average
bio14,false,37.42395909627279
bio18,false,523.7306410471598
bio19,false,158.17862621943155
bio5,false,289.9880027770996
