Predictor variable,Categorical,Sample average
bio14,false,38.701705627441406
bio18,false,491.62463317871095
bio5,false,288.85142211914064
