Predictor variable,Categorical,Sample average
bio14,false,34.55736198425293
bio18,false,501.6587451171875
bio5,false,293.3792297363281
