Predictor variable,Categorical,Sample average
bio14,false,40.274839758872986
bio18,false,454.7344388961792
bio5,false,293.03773498535156
