Predictor variable,Categorical,Sample average
bio14,false,38.91001953125
bio18,false,492.2399615478516
bio5,false,290.18609619140625
