Predictor variable,Categorical,Sample average
bio14,false,36.67625099182129
bio18,false,509.84604919433593
bio5,false,289.49970458984376
