Predictor variable,Categorical,Sample average
bio14,false,38.19060808420181
bio18,false,481.7219228744507
bio5,false,293.54504013061523
