Predictor variable,Categorical,Sample average
bio14,false,38.27946395874024
bio18,false,500.7227374267578
bio5,false,290.5294299316406
