Predictor variable,Categorical,Sample average
bio14,false,38.59539554066902
bio18,false,488.8217030546091
bio5,false,292.0588893472713
