Predictor variable,Categorical,Sample average
bio14,false,39.59503550495175
bio18,false,497.7534353132728
bio5,false,291.15074080872023
