Predictor variable,Categorical,Sample average
bio14,false,38.591903648376466
bio18,false,519.055915222168
bio5,false,289.06830017089845
