Predictor variable,Categorical,Sample average
bio14,false,38.11803016662598
bio18,false,515.2212670898438
bio5,false,286.975048828125
