Predictor variable,Categorical,Sample average
bio14,false,39.6675757598877
bio18,false,498.63609191894534
bio5,false,289.838251953125
