Predictor variable,Categorical,Sample average
bio14,false,38.490736671730325
bio18,false,497.13211330837674
bio5,false,291.7251510054977
