Predictor variable,Categorical,Sample average
bio14,false,42.03755634307861
bio18,false,498.2430828857422
bio5,false,291.69848266601565
