Predictor variable,Categorical,Sample average
bio14,false,35.95988735198975
bio18,false,522.2931207275391
bio5,false,286.0057666015625
