Predictor variable,Categorical,Sample average
bio14,false,37.43559452056885
bio18,false,490.7512194824219
bio5,false,290.3387255859375
