Predictor variable,Categorical,Sample average
bio14,false,39.83102086186409
bio18,false,484.407443523407
bio5,false,292.0716028213501
