Predictor variable,Categorical,Sample average
bio14,false,41.81294119358063
bio2,false,102.65597565968831
bio4,false,2032.3238830566406
