X,Y,Test or train,Raw prediction,Cumulative prediction,Cloglog prediction
1.0,1.0,train,0.12287308918206682,35.72055699368541,0.6239212370954013
2.0,2.0,train,0.13756308665242636,49.47686215017027,0.6654187533338928
3.0,3.0,train,0.11493637284196251,23.433741760484438,0.599398345468269
4.0,4.0,train,0.1904161879899575,100.0,0.7803099463181173
5.0,5.0,train,0.1542722397999449,64.90461993849786,0.7070827159527218
6.0,6.0,train,0.16054375075983487,80.95774322346574,0.7213449023294789
