Predictor variable,Categorical,Sample average
bio14,false,39.44949531555176
bio18,false,641.8346099853516
bio19,false,136.52946090698242
bio5,false,272.40025329589844
