Predictor variable,Categorical,Sample average
bio14,false,39.516250915527344
bio18,false,491.05605041503907
bio5,false,289.474150390625
