Predictor variable,Categorical,Sample average
bio14,false,39.08866838786913
bio18,false,514.9483513210131
bio5,false,290.8876813805622
