Predictor variable,Categorical,Sample average
bio14,false,45.90904265642166
bio18,false,457.9109983444214
bio5,false,291.9269847869873
