Predictor variable,Categorical,Sample average
bio14,false,38.513011054992674
bio18,false,515.7250018310547
bio5,false,290.91131103515625
