Predictor variable,Categorical,Sample average
bio14,false,35.944778518676756
bio18,false,523.0369744873046
bio5,false,290.06737060546874
