Predictor variable,Categorical,Sample average
bio14,false,38.74798346267027
bio18,false,494.449452568503
bio5,false,291.577673070571
