Predictor variable,Categorical,Sample average
bio14,false,42.28525632619858
bio18,false,451.7934637069702
bio5,false,292.26690101623535
