Predictor variable,Categorical,Sample average
bio14,false,40.85369077682495
bio18,false,517.5602270507812
bio5,false,289.5773455810547
