Predictor variable,Categorical,Sample average
bio14,false,43.023565113544464
bio18,false,514.2163858413696
bio5,false,287.9602241516113
