X,Y,Test or train,Raw prediction,Cumulative prediction,Cloglog prediction
1.0,1.0,train,0.13519786381546806,83.44480438929178,0.7051206929776515
2.0,2.0,train,0.12733361975160748,57.17863265321438,0.6834121507714097
3.0,3.0,train,0.1248026590989801,44.446798318418715,0.6760912177113365
4.0,4.0,train,0.12744709881723756,69.92542791330055,0.6837364907892884
5.0,5.0,train,0.16554958068899725,99.99977129427819,0.7758285812043622
6.0,6.0,train,0.09605049554091047,20.590619275263535,0.5800360281982089
