Predictor variable,Categorical,Sample average
bio14,false,34.797362174987796
bio18,false,512.459621887207
bio5,false,289.3405780029297
