Predictor variable,Categorical,Sample average
bio14,false,40.06458913679603
bio18,false,501.81391281018153
bio5,false,291.2183521737298
