Predictor variable,Categorical,Sample average
bio14,false,34.9318585395813
bio2,false,106.43033663431804
bio4,false,1939.598159790039
