Predictor variable,Categorical,Sample average
bio14,false,39.236534881591794
bio18,false,535.173442993164
bio5,false,287.121552734375
