Predictor variable,Categorical,Sample average
bio14,false,42.61345394134521
bio18,false,483.94804138183594
bio5,false,288.8210461425781
