Predictor variable,Categorical,Sample average
bio14,false,34.54956504821777
bio18,false,534.1752642822265
bio5,false,288.6877124023438
