Predictor variable,Categorical,Sample average
bio14,false,37.789064372543
bio18,false,493.90323288075246
bio5,false,292.50364584818374
