Predictor variable,Categorical,Sample average
bio14,false,40.4070202255249
bio18,false,516.5666473388671
bio5,false,288.7760302734375
