Predictor variable,Categorical,Sample average
bio14,false,33.819865226745605
bio18,false,618.3855234781901
bio19,false,128.2146453857422
bio5,false,282.00673421223956
