X,Y,Test or train,Raw prediction,Cumulative prediction,Cloglog prediction
1.0,1.0,train,0.08257176530499133,31.913744652752946,0.5518907939343392
2.0,2.0,train,0.0843154235971218,40.34530753550655,0.5594226359776668
3.0,3.0,train,0.17033927969196222,81.40477517431088,0.8090888046505826
4.0,4.0,train,0.18595557862444223,99.99949825743957,0.8359788945980882
5.0,5.0,train,0.11802651473239206,52.147780851639126,0.682535832926878
6.0,6.0,train,0.12222563421111995,64.3694494197778,0.6952342739418556
