Predictor variable,Categorical,Sample average
bio14,false,43.702384650707245
bio18,false,495.2580499649048
bio5,false,290.52793312072754
