X,Y,Test or train,Raw prediction,Cumulative prediction,Cloglog prediction
1.0,1.0,train,0.09649879947280399,29.48286723665975,0.5805545100667445
2.0,2.0,train,0.16988307074529638,100.0,0.7833631878676731
3.0,3.0,train,0.16678027500849968,83.01319854177106,0.7772259280711022
4.0,4.0,train,0.09750235906430899,39.23270568207892,0.5843273370533202
5.0,5.0,train,0.128395166274351,52.07278682394903,0.6852570197442475
6.0,6.0,train,0.14261045413804985,66.33397879392365,0.7230686067956015
