Predictor variable,Categorical,Sample average
bio14,false,38.92661573637778
bio18,false,498.60405526232364
bio5,false,292.29857191398963
