Predictor variable,Categorical,Sample average
bio14,false,38.780959157178
bio18,false,497.4043462154639
bio5,false,292.13152430179343
