Predictor variable,Categorical,Sample average
bio14,false,39.9382011795044
bio18,false,511.9895526123047
bio5,false,288.4582189941406
