Predictor variable,Categorical,Sample average
bio14,false,39.42017686843872
bio18,false,517.5656097412109
bio5,false,288.25292419433595
