Predictor variable,Categorical,Sample average
bio14,false,38.94949499766032
bio18,false,618.1818186442057
bio19,false,143.6313133239746
bio5,false,280.69191487630206
