X,Y,Test or train,Raw prediction,Cumulative prediction,Cloglog prediction
1.0,1.0,train,0.14521467234872198,69.14487971814266,0.7167732623017266
2.0,2.0,train,0.15943816525581334,100.0,0.7496936471702935
3.0,3.0,train,0.10139213158000347,29.083975918480384,0.585554067410391
4.0,4.0,train,0.149094674084188,84.0549310948307,0.7261606949899753
5.0,5.0,train,0.1127901979124189,40.36296011762149,0.6246250648764963
6.0,6.0,train,0.1426238332758952,54.62516912720257,0.7103263679578768
