Predictor variable,Categorical,Sample average
bio14,false,39.02280037743704
bio18,false,499.8940606253488
bio5,false,292.1783963884626
