Predictor variable,Categorical,Sample average
bio14,false,37.19486554463705
bio18,false,647.3392283121744
bio19,false,132.27483240763345
bio5,false,274.0113576253255
