X,Y,Test or train,Raw prediction,Cumulative prediction,Cloglog prediction
1.0,1.0,train,0.15865091092527514,81.76013736451637,0.7643361823357898
2.0,2.0,train,0.11584720444219039,38.18721239871523,0.6519456561279293
3.0,3.0,train,0.12169394973365553,50.356077245366066,0.6699997756940286
4.0,4.0,train,0.18239428878867345,100.0,0.8101758247607791
5.0,5.0,train,0.07979303048595052,26.602076243618075,0.5166113156477966
6.0,6.0,train,0.15539298163365264,65.89547155990158,0.7572367159837531
