Predictor variable,Categorical,Sample average
bio14,false,40.096786994934085
bio18,false,508.35026184082034
bio5,false,288.6332690429688
