Predictor variable,Categorical,Sample average
bio14,false,37.98634955134705
bio18,false,489.4101090257185
bio5,false,292.78433494846314
