Predictor variable,Categorical,Sample average
bio14,false,43.31123165130615
bio18,false,509.51073852539065
bio5,false,288.84723876953126
