X,Y,Test or train,Raw prediction,Cumulative prediction,Cloglog prediction
1.0,1.0,train,0.169163631391979,64.99429326046533,0.7598835315705519
2.0,2.0,train,0.1575565583974589,48.078335884348405,0.73519025246445
3.0,3.0,train,0.08240702424938558,21.859941567444164,0.500912886757704
4.0,4.0,train,0.1734254307870249,82.33975057565,0.7683604580409882
5.0,5.0,train,0.10462881351082161,32.32272369548534,0.5862033998662923
6.0,6.0,train,0.17662626441485463,100.0,0.7745297030533254
