Predictor variable,Categorical,Sample average
bio14,false,37.83838431040446
bio18,false,678.6633097330729
bio19,false,133.80723826090494
bio5,false,267.90025329589844
