Predictor variable,Categorical,Sample average
bio14,false,36.87345332124808
bio18,false,488.30291714633466
bio5,false,293.2009618160498
