Predictor variable,Categorical,Sample average
bio14,false,38.89332975758065
bio18,false,506.3963026966122
bio5,false,291.34629305832675
