Predictor variable,Categorical,Sample average
bio14,false,40.16114902496338
bio18,false,495.7824716567993
bio5,false,290.18335342407227
