Predictor variable,Categorical,Sample average
bio14,false,38.673667640686034
bio18,false,494.6280853271484
bio5,false,290.4740368652344
