Predictor variable,Categorical,Sample average
bio14,false,40.21456451416016
bio18,false,512.2562939453124
bio5,false,291.1161267089844
