Predictor variable,Categorical,Sample average
bio14,false,40.684463844299316
bio18,false,477.7266229248047
bio5,false,292.64165161132814
