Predictor variable,Categorical,Sample average
bio14,false,40.24279724121094
bio18,false,503.1227410888672
bio5,false,290.7294287109375
