Predictor variable,Categorical,Sample average
bio14,false,38.62823020628769
bio18,false,492.0010927297773
bio5,false,292.98569148822423
