Predictor variable,Categorical,Sample average
bio14,false,33.92083078622818
bio18,false,479.74879932403564
bio5,false,291.4413032531738
