Predictor variable,Categorical,Sample average
bio14,false,39.20008301379076
bio18,false,505.8714748781119
bio5,false,290.85221953890215
