Predictor variable,Categorical,Sample average
bio14,false,42.610394875208534
bio18,false,505.7310212453206
bio19,false,175.7929310798645
bio5,false,288.73657099405926
