Predictor variable,Categorical,Sample average
bio14,false,39.24702267055094
bio18,false,499.87336040413294
bio5,false,290.3640963143676
