Predictor variable,Categorical,Sample average
bio14,false,37.15583635920243
bio18,false,498.1456789524435
bio5,false,293.24421066174403
