Predictor variable,Categorical,Sample average
bio14,false,38.468495452491034
bio18,false,500.8252531176936
bio5,false,291.40801868299496
