Predictor variable,Categorical,Sample average
bio14,false,38.99117551831638
bio18,false,504.7869100009694
bio5,false,291.2893394021427
