Predictor variable,Categorical,Sample average
bio14,false,41.065120429992675
bio18,false,497.3719305419922
bio5,false,291.5632702636719
