Predictor variable,Categorical,Sample average
bio14,false,40.79883003234863
bio18,false,465.71344470977783
bio5,false,289.76516342163086
