Predictor variable,Categorical,Sample average
bio14,false,37.555840747943826
bio18,false,492.73695406706435
bio5,false,293.15236719103825
