Predictor variable,Categorical,Sample average
bio14,false,39.92678695678711
bio18,false,516.7940698242187
bio5,false,291.2183471679688
