Predictor variable,Categorical,Sample average
bio14,false,38.50977183770442
bio18,false,501.6013023265894
bio5,false,291.93054663616675
