Predictor variable,Categorical,Sample average
bio14,false,38.6434010664622
bio2,false,102.9656531016032
bio4,false,1968.3062845865886
