Predictor variable,Categorical,Sample average
bio14,false,38.01055662182794
bio18,false,495.9741301605667
bio5,false,292.36642013770944
