Predictor variable,Categorical,Sample average
bio14,false,37.49563709259033
bio18,false,538.4895190429687
bio5,false,289.51073486328124
