Predictor variable,Categorical,Sample average
bio14,false,37.478111587301655
bio18,false,492.2007467450887
bio5,false,292.74324581396843
