Predictor variable,Categorical,Sample average
bio14,false,38.63991081457344
bio18,false,497.6135320869281
bio5,false,292.63880953342795
