Predictor variable,Categorical,Sample average
bio14,false,38.414250910282135
bio18,false,507.2512788772583
bio5,false,291.8280258178711
