Predictor variable,Categorical,Sample average
bio14,false,40.8892423248291
bio18,false,519.2160119628907
bio5,false,288.0077758789063
