Predictor variable,Categorical,Sample average
bio14,false,36.69450104063836
bio18,false,500.9466771664827
bio5,false,290.95132291489756
