Predictor variable,Categorical,Sample average
bio14,false,39.76456493377685
bio18,false,516.8602606201172
bio5,false,290.063271484375
