Predictor variable,Categorical,Sample average
bio14,false,37.33007973432541
bio18,false,496.1214323043823
bio5,false,291.435302734375
