Predictor variable,Categorical,Sample average
bio14,false,36.788472976684574
bio18,false,528.1543017578125
bio5,false,288.8214538574219
