Predictor variable,Categorical,Sample average
bio14,false,39.40762209892273
bio18,false,494.8563480377197
bio5,false,291.3116569519043
