Predictor variable,Categorical,Sample average
bio14,false,39.33678726196289
bio18,false,520.920259399414
bio5,false,291.2043798828125
