Predictor variable,Categorical,Sample average
bio14,false,41.521197736263275
bio18,false,486.6493082046509
bio5,false,294.98121452331543
