Predictor variable,Categorical,Sample average
bio14,false,38.95796194629393
bio18,false,503.83891904526865
bio5,false,290.24219015370244
