Predictor variable,Categorical,Sample average
bio14,false,38.05087969959646
bio18,false,500.4134439661883
bio5,false,291.3039867014125
