Predictor variable,Categorical,Sample average
bio14,false,38.250091099569985
bio18,false,497.1389924177887
bio5,false,292.5677120127576
