Predictor variable,Categorical,Sample average
bio14,false,45.977952778339386
bio18,false,481.47691345214844
bio5,false,290.70869064331055
