Predictor variable,Categorical,Sample average
bio14,false,40.0201535820961
bio18,false,524.7061395645142
bio5,false,289.52767753601074
