Predictor variable,Categorical,Sample average
bio14,false,39.01575291765867
bio18,false,505.3277134582074
bio5,false,291.1914222884352
