Predictor variable,Categorical,Sample average
bio14,false,36.16643341064453
bio18,false,492.9053643798828
bio5,false,294.10437866210935
