Predictor variable,Categorical,Sample average
bio14,false,36.97076275728751
bio18,false,500.91389531674594
bio5,false,292.1390907177027
