Predictor variable,Categorical,Sample average
bio14,false,38.9355490768657
bio18,false,488.7968843123492
bio5,false,292.127477758071
