Predictor variable,Categorical,Sample average
bio14,false,40.003265738487244
bio18,false,497.59119606018066
bio5,false,292.2169609069824
