X,Y,Test or train,Raw prediction,Cumulative prediction,Cloglog prediction
1.0,1.0,train,0.14799794680683678,68.47167125717837,0.77194818945435
2.0,2.0,train,0.15760492427303308,84.2321937542639,0.7928134244944679
3.0,3.0,train,0.1428963592874743,53.67307309298454,0.7600269146446856
4.0,4.0,train,0.08190291636841057,39.382398783837516,0.5587019035056491
5.0,5.0,train,0.06484014685691386,31.192125804724085,0.47670721950487704
6.0,6.0,train,0.15767682013880432,99.9606111924965,0.7929621488023251
