Predictor variable,Categorical,Sample average
bio14,false,37.26893965403239
bio18,false,674.4873758951823
bio19,false,140.61742401123047
bio5,false,273.6178436279297
