X,Y,Test or train,Raw prediction,Cumulative prediction,Cloglog prediction
1.0,1.0,train,0.12023668416744104,35.571546644723156,0.6170576107607821
2.0,2.0,train,0.12141232341533499,47.71334466638386,0.6206348407791601
3.0,3.0,train,0.13740792064538263,61.45379074525227,0.6661126904303007
4.0,4.0,train,0.15193301927174113,76.64716635465501,0.7026686695991577
5.0,5.0,train,0.23352839160717606,100.0,0.8449950867000195
6.0,6.0,train,0.10704495199739823,23.548154503342175,0.5745291279741989
