Predictor variable,Categorical,Sample average
bio14,false,33.06523577372233
bio2,false,114.41666666666667
bio4,false,2328.555948893229
