Predictor variable,Categorical,Sample average
bio14,false,35.61153221130371
bio18,false,671.890146891276
bio19,false,136.39057159423828
bio5,false,271.451176961263
