X,Y,Test or train,Raw prediction,Cumulative prediction,Cloglog prediction
1.0,1.0,train,0.17308521435146,100.0,0.789980797391499
2.0,2.0,train,0.10783589687191117,35.08291935944847,0.6217730695482362
3.0,3.0,train,0.1703799143354766,82.69138060852914,0.7847951714865213
4.0,4.0,train,0.0714748025162615,24.299361003244112,0.47503573542817057
5.0,5.0,train,0.15548014005142385,65.65364727831275,0.7538531390325416
6.0,6.0,train,0.1502252318191506,50.10615901132828,0.7419102961059509
