Predictor variable,Categorical,Sample average
bio14,false,37.43458427429199
bio18,false,484.88104919433596
bio5,false,290.7363720703125
