Predictor variable,Categorical,Sample average
bio14,false,39.41900928497314
bio18,false,493.32804138183593
bio5,false,292.20771362304686
