Predictor variable,Categorical,Sample average
bio14,false,37.5342049152731
bio18,false,483.72252287281503
bio5,false,293.2706437145206
