Predictor variable,Categorical,Sample average
bio14,false,34.71619260311127
bio2,false,108.97599856058757
bio4,false,2068.406534830729
