Predictor variable,Categorical,Sample average
bio14,false,43.02867639064789
bio18,false,484.9348363876343
bio5,false,291.33417892456055
