Predictor variable,Categorical,Sample average
bio14,false,36.57698902130127
bio18,false,515.533696899414
bio5,false,291.27216064453125
