Predictor variable,Categorical,Sample average
bio14,false,45.469806134700775
bio18,false,493.9214162826538
bio5,false,288.7377452850342
