Predictor variable,Categorical,Sample average
bio14,false,34.47013996124267
bio18,false,531.0148596191407
bio5,false,287.7492297363281
