Predictor variable,Categorical,Sample average
bio14,false,38.69473464993665
bio18,false,507.68192953959
bio5,false,290.2337613070968
