Predictor variable,Categorical,Sample average
bio14,false,41.998955845832825
bio18,false,483.736647605896
bio5,false,286.8319263458252
