Predictor variable,Categorical,Sample average
bio14,false,40.11813110351562
bio18,false,476.6788677978516
bio5,false,291.2204736328125
