Predictor variable,Categorical,Sample average
bio14,false,34.852109336853026
bio18,false,495.79089904785155
bio5,false,290.733544921875
