Predictor variable,Categorical,Sample average
bio14,false,36.345120697021486
bio18,false,533.9624072265625
bio5,false,286.63834716796873
