Predictor variable,Categorical,Sample average
bio14,false,41.032597720623016
bio18,false,483.1966691017151
bio5,false,290.59664821624756
