Predictor variable,Categorical,Sample average
bio14,false,39.26050512313843
bio18,false,536.0204815673828
bio5,false,287.7337341308594
