Predictor variable,Categorical,Sample average
bio14,false,41.47154223918915
bio18,false,475.4596128463745
bio5,false,294.99642753601074
