Predictor variable,Categorical,Sample average
bio14,false,35.61991727352142
bio18,false,497.52516110738117
bio19,false,150.2389006614685
bio5,false,289.24183019002277
