Predictor variable,Categorical,Sample average
bio14,false,39.91452606201172
bio18,false,509.11126525878905
bio5,false,288.43898803710937
