Predictor variable,Categorical,Sample average
bio14,false,40.12826615571976
bio18,false,518.290849685669
bio5,false,286.09543228149414
