Predictor variable,Categorical,Sample average
bio14,false,38.432020528473124
bio18,false,508.97385980090957
bio5,false,290.48638270023093
