Predictor variable,Categorical,Sample average
bio14,false,40.462246815363564
bio18,false,518.8039379119873
bio19,false,164.97580162684122
bio5,false,286.97152455647785
