Predictor variable,Categorical,Sample average
bio14,false,37.662468084648474
bio18,false,512.1329615578722
bio5,false,291.4865850192397
