Predictor variable,Categorical,Sample average
bio14,false,38.508741199970245
bio18,false,452.58970737457275
bio5,false,292.74875259399414
