Predictor variable,Categorical,Sample average
bio14,false,36.39789836883545
bio18,false,528.9913763427735
bio5,false,287.98549194335936
