Predictor variable,Categorical,Sample average
bio14,false,34.40740807851156
bio18,false,619.7592722574869
bio19,false,120.64351908365886
bio5,false,275.1481475830078
