X,Y,Test or train,Raw prediction,Cumulative prediction,Cloglog prediction
1.0,1.0,train,0.12782631666779531,55.91158366318402,0.6708029172797437
2.0,2.0,train,0.11499812634781097,31.093712395496514,0.6319707268646024
3.0,3.0,train,0.13356370809705057,69.26653790006954,0.6868176058475741
4.0,4.0,train,0.13603829219601915,82.87118856210054,0.6934821355711589
5.0,5.0,train,0.10574934393928362,19.594043181455017,0.6011620327490554
6.0,6.0,train,0.1712895341639604,99.99977365018093,0.7743774819600541
