Predictor variable,Categorical,Sample average
bio14,false,35.99087821960449
bio18,false,524.5853668212891
bio5,false,288.1243798828125
