Predictor variable,Categorical,Sample average
bio14,false,38.14790541985456
bio18,false,501.67583914364087
bio5,false,291.4171465705423
