Predictor variable,Categorical,Sample average
bio14,false,38.43554701524622
bio18,false,496.2531878527473
bio5,false,291.73293214685776
