Predictor variable,Categorical,Sample average
bio14,false,34.079124450683594
bio18,false,618.3669993082682
bio19,false,130.92760848999023
bio5,false,281.2521006266276
