Predictor variable,Categorical,Sample average
bio14,false,39.34803005218506
bio18,false,501.31078674316404
bio5,false,289.64441284179685
