Predictor variable,Categorical,Sample average
bio14,false,38.46673524118688
bio18,false,491.6995340611813
bio5,false,292.14283050759866
