Predictor variable,Categorical,Sample average
bio14,false,40.59911620616913
bio18,false,494.5101499557495
bio5,false,291.0431957244873
