Predictor variable,Categorical,Sample average
bio14,false,33.67424249649048
bio2,false,109.90277671813965
bio4,false,2207.05615234375
