X,Y,Test or train,Raw prediction,Cumulative prediction,Cloglog prediction
1.0,1.0,train,0.12534549649574264,74.36482570821886,0.6330469922953703
2.0,2.0,train,0.12510092873003312,49.28003690659176,0.6323285044177015
3.0,3.0,train,0.12483030051579273,36.78710666968612,0.6315318167636318
4.0,4.0,train,0.12532658451063222,61.792944724494205,0.6329914830442691
