Predictor variable,Categorical,Sample average
bio14,false,36.883457156195156
bio18,false,498.5120680435844
bio5,false,292.1231627533401
