Predictor variable,Categorical,Sample average
bio14,false,37.54102576297262
bio18,false,506.5340020000071
bio5,false,291.6913688770239
