Predictor variable,Categorical,Sample average
bio14,false,40.27613331289852
bio18,false,494.60017956004424
bio5,false,291.6075782775879
