Predictor variable,Categorical,Sample average
bio14,false,36.145023822784424
bio18,false,516.4880828857422
bio19,false,142.3679461479187
bio5,false,288.3891258239746
