Predictor variable,Categorical,Sample average
bio14,false,41.07756666342417
bio2,false,105.15777905782063
bio4,false,2134.0157267252603
