Predictor variable,Categorical,Sample average
bio14,false,43.50576682885488
bio18,false,520.1074835459391
bio19,false,181.54936583836874
bio5,false,288.7924003601074
