X,Y,Test or train,Raw prediction,Cumulative prediction,Cloglog prediction
1.0,1.0,train,0.18483404018574273,100.0,0.7812742894986928
2.0,2.0,train,0.1620709696178174,64.28973137539442,0.7362491426281806
3.0,3.0,train,0.1722682760213421,81.51700198243114,0.7574640564211348
4.0,4.0,train,0.14876362880981955,48.08253123471391,0.7057485877256966
5.0,5.0,train,0.10937267378229099,33.20598051178098,0.5931859198315008
6.0,6.0,train,0.09849599722384236,22.26904064866529,0.5551229631122168
