Predictor variable,Categorical,Sample average
bio14,false,38.668158776619855
bio18,false,504.9659880469827
bio5,false,290.92974516924687
