Predictor variable,Categorical,Sample average
bio14,false,36.35386932373047
bio18,false,516.2870745849609
bio5,false,289.3218151855469
