Predictor variable,Categorical,Sample average
bio14,false,39.54519975185394
bio18,false,477.86227893829346
bio5,false,290.9362506866455
