Predictor variable,Categorical,Sample average
bio14,false,36.090909004211426
bio2,false,102.06249809265137
bio4,false,2149.2783813476562
