Predictor variable,Categorical,Sample average
bio14,false,37.61969696044922
bio18,false,494.1457879638672
bio5,false,289.2121911621094
