Predictor variable,Categorical,Sample average
bio14,false,42.8005656003952
bio18,false,481.43120193481445
bio5,false,292.5161552429199
