Predictor variable,Categorical,Sample average
bio14,false,40.158432608800574
bio18,false,488.6913024685907
bio5,false,292.2887159848044
