Predictor variable,Categorical,Sample average
bio14,false,39.213452916945855
bio18,false,491.09444444196936
bio5,false,292.05908915944343
