Predictor variable,Categorical,Sample average
bio14,false,40.75123138427735
bio18,false,506.55915100097656
bio5,false,290.27771362304685
