Predictor variable,Categorical,Sample average
bio14,false,39.251815259456635
bio18,false,535.7100353240967
bio5,false,288.3617362976074
