Predictor variable,Categorical,Sample average
bio14,false,38.23795889405643
bio18,false,497.0172207776238
bio5,false,291.64911023308247
