Predictor variable,Categorical,Sample average
bio14,false,37.23326773539077
bio18,false,491.94853667099113
bio5,false,292.1685476929602
