Predictor variable,Categorical,Sample average
bio14,false,38.87006260530792
bio18,false,501.89654596704634
bio5,false,291.8429741406963
