Predictor variable,Categorical,Sample average
bio14,false,42.08265334367752
bio18,false,480.20093059539795
bio5,false,290.63184356689453
