Predictor variable,Categorical,Sample average
bio14,false,39.236963994362775
bio18,false,503.78217057620776
bio5,false,289.98088410321407
