Predictor variable,Categorical,Sample average
bio14,false,31.583220443725587
bio18,false,545.2186773681641
bio5,false,288.8524328613281
