Predictor variable,Categorical,Sample average
bio14,false,38.80749120503447
bio18,false,496.4110903774735
bio5,false,292.2920340656364
