Predictor variable,Categorical,Sample average
bio14,false,41.378447860479355
bio18,false,508.11925077438354
bio5,false,287.1708765029907
