Predictor variable,Categorical,Sample average
bio14,false,41.06603318452835
bio18,false,459.2918395996094
bio5,false,292.5223140716553
