Predictor variable,Categorical,Sample average
bio14,false,39.08869928121567
bio18,false,508.479642868042
bio5,false,288.67787170410156
