Predictor variable,Categorical,Sample average
bio14,false,39.41143903870513
bio18,false,506.26000744363535
bio5,false,291.1758113252944
