Predictor variable,Categorical,Sample average
bio14,false,38.47234294891357
bio18,false,517.9891522216797
bio5,false,290.431044921875
