Predictor variable,Categorical,Sample average
bio14,false,41.01383850097656
bio18,false,518.7602444458008
bio5,false,289.5028601074219
