Predictor variable,Categorical,Sample average
bio14,false,35.520334243774414
bio18,false,539.9814154052734
bio5,false,287.7507043457031
