Predictor variable,Categorical,Sample average
bio14,false,43.36123146057129
bio18,false,510.4896252441406
bio5,false,289.398349609375
