Predictor variable,Categorical,Sample average
bio14,false,34.93560600280762
bio18,false,610.2466278076172
bio19,false,133.66834767659506
bio5,false,276.7196960449219
