X,Y,Test or train,Raw prediction,Cumulative prediction,Cloglog prediction
1.0,1.0,train,0.0986702562498608,21.24732873604077,0.5857502104480743
2.0,2.0,train,0.1094790274497279,32.1952824908295,0.6238721120650732
3.0,3.0,train,0.1410778672539321,83.75248230260468,0.7163616258441414
4.0,4.0,train,0.12901019055219717,69.64507352117215,0.6840815506554525
5.0,5.0,train,0.11938500967914051,44.133768550726764,0.6557209039906706
6.0,6.0,train,0.16247362513634123,99.99971534185093,0.7657002864537794
