Predictor variable,Categorical,Sample average
bio14,false,39.0889114516122
bio18,false,504.3100300380162
bio5,false,292.07364589146204
