Predictor variable,Categorical,Sample average
bio14,false,43.09563183784485
bio2,false,101.46133931477864
bio4,false,1964.1283416748047
