Predictor variable,Categorical,Sample average
bio14,false,39.1368020816441
bio18,false,509.96308609342924
bio5,false,289.80038006636346
