Predictor variable,Categorical,Sample average
bio14,false,34.79208755493164
bio2,false,111.54166666666667
bio4,false,2317.0004069010415
