X,Y,Test or train,Raw prediction,Cumulative prediction,Cloglog prediction
1.0,1.0,train,0.10014745649463004,22.008396143036038,0.5466001302011576
2.0,2.0,train,0.12716382596134287,47.32816168328657,0.6337212006960828
3.0,3.0,train,0.1421335818055461,61.54312022671462,0.6745654928566255
4.0,4.0,train,0.1555749914218512,77.1010064970853,0.7073437228701869
5.0,5.0,train,0.12605602464428728,34.614059347517895,0.6305023485531869
6.0,6.0,train,0.22898983573522763,99.99994876392665,0.8361163907009621
