Predictor variable,Categorical,Sample average
bio14,false,41.0034538269043
bio18,false,508.8691534423828
bio5,false,291.8510473632812
