Predictor variable,Categorical,Sample average
bio14,false,34.23254455566406
bio18,false,515.0292547607422
bio5,false,292.3510473632812
