Predictor variable,Categorical,Sample average
bio14,false,36.71152864456177
bio18,false,476.0363262939453
bio5,false,291.7274822998047
