Predictor variable,Categorical,Sample average
bio14,false,38.28406601501026
bio18,false,496.3702871199134
bio5,false,291.5976922563512
