Predictor variable,Categorical,Sample average
bio14,false,39.34856643676758
bio18,false,503.56833801269534
bio5,false,289.93575561523437
