Predictor variable,Categorical,Sample average
bio14,false,42.937111645936966
bio18,false,489.5043354034424
bio5,false,287.7039155960083
