Predictor variable,Categorical,Sample average
bio14,false,42.071399092674255
bio18,false,471.05273056030273
bio5,false,291.0960178375244
