Predictor variable,Categorical,Sample average
bio14,false,38.237411519459314
bio18,false,518.5735711233956
bio5,false,289.97205636160714
