Predictor variable,Categorical,Sample average
bio14,false,39.95400936126709
bio18,false,515.6457385253906
bio5,false,290.2405725097656
