Predictor variable,Categorical,Sample average
bio14,false,37.806259512901306
bio18,false,516.3647753397623
bio19,false,147.29859081904092
bio5,false,289.36980565388996
