X,Y,Test or train,Raw prediction,Cumulative prediction,Cloglog prediction
1.0,1.0,train,0.15560704851462748,63.495573013717745,0.7031695638976572
2.0,2.0,train,0.11544196042089967,32.72202815522268,0.5938711278193431
3.0,3.0,train,0.1730029356946749,80.7957543834593,0.7408577664770404
4.0,4.0,train,0.15212770656146707,47.93469823234751,0.6949977561781158
5.0,5.0,train,0.09379038415412976,21.177844593206146,0.5190937324381155
6.0,6.0,train,0.19204181665019623,99.99981505946008,0.7766436065054585
