Predictor variable,Categorical,Sample average
bio14,false,34.66666730244955
bio2,false,105.93055470784505
bio4,false,2226.9629720052085
