Predictor variable,Categorical,Sample average
bio14,false,38.6558522189105
bio18,false,497.43061003508393
bio5,false,292.319689489294
