Predictor variable,Categorical,Sample average
bio14,false,34.59764579772949
bio18,false,537.7445562744141
bio5,false,290.1259973144531
