Predictor variable,Categorical,Sample average
bio14,false,39.0276403427124
bio18,false,526.4855664571127
bio19,false,151.58583863576254
bio5,false,285.03005599975586
