Predictor variable,Categorical,Sample average
bio14,false,37.984488788773035
bio18,false,495.7514829074635
bio5,false,292.3947585610782
