X,Y,Test or train,Raw prediction,Cumulative prediction,Cloglog prediction
1.0,1.0,train,0.11733113157842355,41.28684701225944,0.6559324618449918
2.0,2.0,train,0.15970600201498097,83.25854023288947,0.765954831354573
3.0,3.0,train,0.16741464143223267,99.99922130634067,0.7817987498503584
4.0,4.0,train,0.13214636466053856,67.28814697022752,0.699297965093771
5.0,5.0,train,0.12786611876725462,54.07366588668546,0.687363536476086
6.0,6.0,train,0.083174917778086,20.086970906718683,0.530612902547039
