Predictor variable,Categorical,Sample average
bio14,false,37.12542120615641
bio18,false,666.8160858154297
bio19,false,131.9831657409668
bio5,false,271.4372863769531
