Predictor variable,Categorical,Sample average
bio14,false,39.1226397895813
bio18,false,498.8079931640625
bio5,false,290.28526123046873
