Predictor variable,Categorical,Sample average
bio14,false,40.140120353698734
bio18,false,514.478515625
bio5,false,289.14057006835935
