Predictor variable,Categorical,Sample average
bio14,false,36.972938171331435
bio18,false,503.26558375704116
bio5,false,292.6753230440444
