Predictor variable,Categorical,Sample average
bio14,false,43.785353660583496
bio2,false,96.4930534362793
bio4,false,2167.6117553710938
