X,Y,Test or train,Raw prediction,Cumulative prediction,Cloglog prediction
1.0,1.0,train,0.13310477411198499,83.59541147143491,0.6497356974179573
2.0,2.0,train,0.1320982371162025,57.038606227468,0.6469459871777836
3.0,3.0,train,0.1325856329979348,70.28075612522782,0.6482996135952812
4.0,4.0,train,0.12387296660716825,31.378706976182315,0.6233001757836854
