Predictor variable,Categorical,Sample average
bio14,false,43.130426943302155
bio18,false,502.32356452941895
bio5,false,287.65331077575684
