Predictor variable,Categorical,Sample average
bio14,false,43.1160036722819
bio2,false,101.89937369028728
bio4,false,1949.569829305013
