X,Y,Test or train,Raw prediction,Cumulative prediction,Cloglog prediction
1.0,1.0,train,0.10433285153460758,19.23268577889762,0.5342601856774734
2.0,2.0,train,0.15725135326625395,48.011869535390375,0.6839011735148384
3.0,3.0,train,0.1305173516187419,32.28465938872879,0.6155347979269516
4.0,4.0,train,0.1947836927437421,99.99979635052222,0.759872486022872
5.0,5.0,train,0.15972397553479278,63.98182743024506,0.6895739975721705
6.0,6.0,train,0.16539645281688967,80.52193085307876,0.7022063967729724
