Predictor variable,Categorical,Sample average
bio14,false,35.32449531555176
bio2,false,108.75925827026367
bio4,false,2235.699503580729
