Predictor variable,Categorical,Sample average
bio14,false,37.50957942008972
bio18,false,482.844557762146
bio5,false,294.2456359863281
