X,Y,Test or train,Raw prediction,Cumulative prediction,Cloglog prediction
1.0,1.0,train,0.14480462061460492,67.51140831827759,0.7572138211028384
2.0,2.0,train,0.12357140594926774,53.03148181387502,0.701206772589871
3.0,3.0,train,0.17354037983936973,100.0,0.816673730092736
4.0,4.0,train,0.09975595547218213,40.674050410231956,0.6228791327853019
5.0,5.0,train,0.06796615117801649,30.698062835472378,0.48542825044456905
6.0,6.0,train,0.1513429497693215,82.64584574100682,0.7722464677000473
