Predictor variable,Categorical,Sample average
bio14,false,34.9537041982015
bio18,false,607.4444427490234
bio19,false,132.90740712483725
bio5,false,275.5786997477214
