Predictor variable,Categorical,Sample average
bio14,false,37.85901585585779
bio18,false,500.81253062735357
bio5,false,291.22417729878595
